id,message,explanation,input_tokens,output_tokens,input_cost,output_cost,total_cost,일련번호,접수시간,수신시간,메시지 타입,KISA 분류,AI 분류,AI 오류,휴먼 분류,AI 모델,엑셀 업로드 일시,is_spam,spam_type,confidence
29,"[Web발신]동주초등학교 4학년  동주초 4-2 (2025)(로)으로 초대합니다.  초대코드를 입력하여 바로 가입하세요!  초대코드 : 67618268  링크 : https://www.hiclass.net/mobile/invite/clazzInviteCard?classId=c19a1dc4-abba-41c6-af2a-a222e3dad3cb&inviteCode=67618268_x000D__x000D_
MMS/초대장","메시지는 특정 온라인 학습 플랫폼(hiclass)으로의 가입을 유도하며, 초대 코드와 링크를 제공하고 있습니다. 이는 광고성 정보를 전달하며, 표기법 준수 기준에서 (광고) 표시가 부족하고 수신자의 명확한 동의 없이 서비스 가입을 유도하는 방식으로 스팸으로 분류됩니다.",1996,196,0.0,0.0,0.0,1581,2025-03-10 22:45:00,2025-03-05 17:03:00,MMS,교육,비스팸,,비스팸,nbc@20250305-01,,스팸(온라인 서비스 광고),알 수 없음,0.95
99,"(광고)최신상'셀루켓'액티브 50%사전예약 D-1lashevan.com무료수신거부0805301732_x000D_
SMS/-","메시지는 '(광고)'로 시작하지만, 전송자 명칭과 연락처가 명확하게 표시되지 않았으며, 무료 수신 거부 번호가 제대로 명시되지 않았거나 형식이 불완전하여 표기법을 준수하지 않았습니다. 또한, 짧은 문구와 웹사이트 링크만으로 구성되어 있어 광고 내용이 부족하고, 스팸 메시지의 특징을 보여줍니다.",1922,217,0.0,0.0,0.0,1511,2025-03-10 21:35:00,2025-03-10 19:48:00,SMS,온라인 서비스 광고,비스팸,,표기법위반,nbc@20250305-01,,스팸(표기법위반),알 수 없음,0.95
678,"MMS 스팸신고[Web발신]LG유플러스 고객님, 안녕하세요.시장조사 기관 칸타코리아에서 연락드립니다.저희는 LG유플러스로부터 위탁을 받아LG유플러스에서 이용하고 계신 휴대폰 통신 품질(음성통화 및 데이터 품질) 개선을 위한 설문조사를 진행하고 있어요.보다 나은 서비스를 제공할 수 있도록 고객님의 소중한 의견을 들려주세요.설문조사를 완료하신 분들께는 커피쿠폰(아메리카노)을 제공해드리니 많은 참여 부탁드려요.▶조사기간: 2025년 3월 10일(월) ~ 17일(월)▶소요시간: 10분 이내▶아래의 링크를 통해 여러분의 소중한 의견을 들려주세요.: https://metasurvey.io/?list=4535▶쿠폰발송: 2025년 3월 21일(금)* 본 메시지는 엘지유플러스 고객님 중 위탁업체에게 개인정보제공 및 마케팅활용에 동의하신 분에 한해 발송되었어요.* 답변해주신 내용은 통계 목적으로만 활용돼요.* 데이터 이용을 원하지 않으시면, 와이파이에 연결한 다음 참여해주세요.* 본 조사에 대해 궁금하신 점이 있으신 경우, 칸타코리아(02-3415-5050) 또는 LG유플러스 고객센터(080-019-7000)으로 연락주시면 됩니다._x000D_
MMS/[KANTAR] LG U+ 통신 품질 만족도 설문조사","메시지는 설문조사 참여를 유도하는 광고성 내용을 담고 있지만, 표기법 위반 사항이 있습니다. 특히 '(광고)' 표시가 누락되어 있으며, 전송자 명칭과 연락처가 명확하게 표시되지 않았습니다. 또한, 광고성 정보의 시작 부분에 명확한 광고 표시가 없어 수신자가 광고임을 즉시 인지하기 어렵습니다.",2447,219,0.0,0.0,0.0,932,2025-03-10 16:32:00,2025-03-10 14:06:00,MMS,통신가입,비스팸,,비스팸,nbc@20250305-01,,스팸(표기법위반),알 수 없음,0.9
1399,"[Web발신](광고)[웰컴저축은행 대출비교서비스] 모바일에서 받을 수 있는 예상한도가 나왔어요. 아래 링크를 눌러 간편하게 확인해보세요.━━━━━━━━━━━[대출한도 확인하기]▶링크 : https://abr.ge/dp3ine▶경로 : 본인인증→맞춤대출 조회하기━━━━━━━━━━━※ 예상한도는 고객님과 유사한 신용정보를 보유한 고객님의 한도를 분석하여 제공하는 것으로 대출가능 조회시점, 상환방식, 차주별 DSR 기준, 대출신청 및 심사시점의 차이에 의해 대출 제한, 대출한도가 변경될 수 있습니다.※ 웰컴저축은행(주)은 대출상품을 대리·중개하며 대출계약체결권은 소비자가 신청한 제휴 금융사에 있으며, 여신심사 등을 통한 대출계약체결권은 소비자가 신청한 금융사에서 결정합니다.※ 본 서비스 이용과 관련하여 소비자는 금융소비자보호법 제44조와 제45조에 따라 금융상품직접판매업자인 금융기관 및 금융상품판매대리중개업자인 웰컴저축은행(주)에게 손해배상을 청구할 수 있습니다.※ 본 서비스 이용을 위해 소비자가 입력한 개인정보와 신용정보는 금융상품직접판매업자인 제휴 금융사가 보유 및 관리합니다.※ 웰컴저축은행(주)은 본 서비스를 통한 대출계약, 대출실행 등과 관련하여 소비자로부터 어떠한 금전적 대가도 받지 않으며 금융사를 대신하여 대출이자, 원금상환 등을 받지 않습니다.※ 금리, 한도 확인을 위한 신용정보조회는 신용점수에 영향을 주지 않습니다.※ 과도한 대출이 신용평점 하락의 원인이 될 수 있으며, 신용평점 하락으로 금융거래의 제약 또는 불이익이 발생할 수 있습니다. 연체 시 계약기간 만료 전 변제의무가 발생할 수 있습니다.※ 금융소비자는 금융상품에 대하여 설명을 받을 권리가 있으며, 계약을 체결하기 전에 금융상품 설명서와 약관을 확인하시기 바랍니다. ※ 본 문자는 2025년 03월 10일 기준 광고문자 수신에 동의하신 분들께 발송되었습니다.※ (마이데이터 문의) 1661-9500※ (무료수신거부) 0808501161 (수신자부담)※ 웰컴저축은행 준법감시인 심의필 제5229-A호(2024.07.09~2025.07.08)━━━━━━━━━━━[대출한도 확인하기]▶링크 : https://abr.ge/dp3ine▶경로 : 본인인증→맞춤대출 조회하기━━━━━━━━━━━_x000D__x000D_
MMS/이상국님 예상한도 3,060만원 도착!","이 메시지는 금융 상품(대출 비교 서비스)을 홍보하는 광고 메시지로 분류됩니다. 그러나 표기법 위반 사항이 있습니다: 
1. (광고) 표시가 메시지 본문의 시작 부분이 아닌 중간에 위치하고 있으며, 전송자의 명칭과 연락처가 명확하게 메시지 처음에 표기되지 않았습니다.
2. 무료 수신 거부 번호가 명시되어 있지만, '무료'라는 단어가 명확하게 강조되지 않았거나 위치가 표기법에 완벽하게 부합하지 않을 수 있습니다.
이러한 이유로 표기법 위반으로 분류됩니다.",2925,290,0.0,0.0,0.0,211,2025-03-10 10:13:00,2025-03-10 10:07:00,MMS,대출,비스팸,,표기법준수,nbc@20250305-01,,스팸(표기법위반),알 수 없음,0.95
185,"MMS 스팸신고[Web발신](광고)스포힐상봉역점안녕하세요 회원님!스포힐휘트니스 상봉점(구 카인드라이프)을 이용해주셔서 진심으로 감사드립니다.3월 31일부터 시작된 '리모델링 오픈특가' 이벤트 안내 문자 보내드립니다.♥리모델링 오픈특가♥■ 1차 (3/10~4/6) 선착순 50명헬스 월 2만원! PT 4만원! ■ 2차 (4/7~4/27) 선착순 50명헬스 월 3만원! PT 4.5만원!■ 3차 (4/28~5/6) 선착순 50명헬스 월 4만원! PT 5만원!(vat 별도)※ 추가적으로 5월 7일 이후 부터는 회원권, PT 금액이 인상됨을 알려드립니다.※ 리모델링을 기다려주시는 회원님들께 보답드리고자 파격 할인을 진행중에 있으나 임차료, 인건비, 제반 비용 및 물가 상승으로 인해 지속적인 할인이 어려운점 회원님들의 넓은 이해와 양해 부탁드립니다.긴 글 읽어주셔서 감사합니다.무료거부 0808817402_x000D_
MMS/스포힐상봉역점","메시지는 (광고) 표기를 포함하고 있으며, 업체명 '(스포힐상봉역점)'과 연락처 '무료거부 0808817402'가 명확하게 표시되어 있습니다. 또한 수신 거부 방법이 명시되어 있어 표기법을 준수하고 있습니다. 내용은 특정 오프라인 헬스장의 리모델링 오픈 특가 이벤트 안내로, 광고 목적이 명확하게 드러나지만 스팸의 특징을 갖추지 않았습니다.",2348,251,0.0,0.0,0.0,1425,2025-03-10 20:31:00,2025-03-10 19:49:00,MMS,오프라인 광고,비스팸,,표기법준수,nbc@20250305-01,,비스팸(표기법준수),알 수 없음,0.95
914,"[Web발신](광고)회원권거래소서울cc 6억6천5백시세상담.최상금액거래가능.무료거부 0808804934_x000D_
SMS/-","메시지는 광고임을 표시하기 위해 '(광고)'를 사용했지만, 전송자 명칭이 명확하지 않고 연락처 정보가 부족하여 표기법 위반에 해당합니다. 또한, '회원권거래소'와 관련된 내용은 오프라인 거래를 암시하며, 무료 수신 거부 번호는 제공되었지만 표기법 준수 기준에 부합하지 않습니다.",1930,203,0.0,0.0,0.0,696,2025-03-10 14:43:00,2025-03-10 14:10:00,SMS,오프라인 광고,비스팸,,표기법준수,nbc@20250305-01,,스팸(표기법위반),알 수 없음,0.95
1137,"MMS 스팸신고[Web발신](광고)◆2억대 래미안포레스티지 임대분양◆ <6일 계약서 발행후 조기 완판 예정>핫!! 온천동 대장아파트 4천세대< 래미안 포레스티지>에서 임대동 전세/분양 220세대선착순 호실지정중입니다.  ★ 지하6층~35층, 36개동★ 수영장, 사우나, 골프장, 헬스장- 4년전 최고 청약률  347:1★ [전세] 2억 1천~- 버팀목전세 대출 가능(최대 90%)- 임대료 증액없이 4년간 거주★ [분양] 3억 1천~- “2천만원” 으로 계약서 작성 ★ 온천 래미안포레스티지 장점- 3단지 맨 앞동(전세대 남서향)- 각 세대별 창고 지원- 만19세 누구나- 주택수 미포함! 다주택자 가능!- 청약 통장 NO!- 각종 세금 NO!  (취득세, 재산세, 종부세 등 제외)- 4년 후 등기(4년 전 분양가로 적용)- 전매/전대 제한 無  ★ 풀 옵션 제공- 천장형시스템에어컨- 냉장고, 가스렌지, 비데- 현관 중문, 포켓형 도어- 실외기 터닝도어무료거부 0801560049_x000D_
MMS/2억대!  래미안 포레스티지","이 메시지는 부동산 임대분양 관련 광고로 분류되지만, 표기법 위반 사항이 있습니다. 특히 '(광고)' 표시가 메시지 본문의 시작 부분에 명확하게 위치하지 않고, 광고성 정보가 시작되는 부분에 명확한 구분 없이 바로 내용이 시작되어 표기법 준수 기준을 충족하지 못합니다. 또한, 무료 수신 거부 번호가 명시되어 있지만, '무료'라는 표현이 명확하게 강조되지 않아 표기법 위반에 해당합니다. 이러한 이유로 스팸 및 표기법 위반으로 분류됩니다.",2413,280,0.0,0.0,0.0,473,2025-03-10 12:30:00,2025-03-07 15:58:00,MMS,주식 및 투자,비스팸,,표기법위반,nbc@20250305-01,,스팸(표기법위반),알 수 없음,0.95
906,"MMS 스팸신고[Web발신](광고)안녕하세요 강남맛집 인터뷰 담당자 이용준입니다.저번주 성공사례 인터뷰 보내드립니다.꼭 저희와 광고를 진행하지 않으셔도 영상보시고 가게운영에 많은 도움이 되셨으면 합니다.^^유튜브 쇼츠https://www.youtube.com/shorts/83Pb-0-jLKQ유튜브 풀영상https://www.youtube.com/watch?v=wBDRcX9sA4Y업체명 : 제주청년돼지 (경기 연천군 전곡읍)광고진행기간 : 약 1년 1개월 진행광고효과 : 매출 30% 상승마케팅은 선택이 아닌 필수라고 생각하여 어느 업체와 진행할지 고민하다가 담당자분과 얘기를 나눠본 후 신뢰가 생겨 믿고 맡기게 되었습니다. 위치상 타 지역 손님들은 절대 알고 찾아올 수가 없는데 리뷰가 쌓여가니 검색해 보고 찾아오는 손님들이 많아졌습니다. 손님 층도 다양해지고, 값어치 이상의 효과를 보았다고 생각합니다.무료수신거부080-888-8489_x000D_
MMS/제목없음","메시지는 광고성 정보를 전달하고 있지만, 표기법 위반 사항이 있습니다. 특히 '(광고)' 표시가 메시지 본문의 시작 부분에 명확하게 위치하지 않았으며, 업체명과 광고 관련 정보가 (광고) 표시 바로 뒤에 위치해 있어 표기법 준수 기준에 부합하지 않습니다. 또한, 무료 수신 거부 번호가 명시되어 있지만, 표기법 준수를 위한 필수 요소들이 완벽하게 지켜지지 않았습니다. 이러한 이유로 스팸으로 분류하며, 특히 오프라인 광고 스팸으로 세부 분류합니다.",2319,291,0.0,0.0,0.0,704,2025-03-10 14:44:00,2025-03-10 13:38:00,MMS,구인광고,비스팸,,표기법위반,nbc@20250305-01,,스팸(표기법위반),알 수 없음,0.95
844,"[Web발신](광고) 스파크13~14~220~250모닝~300~330스타렉스12년~~700~포터~500~봉고1.2t~550~_x000D_
SMS/-","메시지는 광고성 정보를 포함하고 있지만, (광고) 표시와 함께 전송자의 명칭 및 연락처가 명확하게 제공되지 않았으며, 광고 내용이 매우 간결하고 구체적인 정보 없이 가격 범위만 나열되어 있어 표기법을 준수하지 않았습니다. 또한, 수신 거부 방법이 명확하게 제시되지 않았습니다.",1931,203,0.0,0.0,0.0,766,2025-03-10 15:10:00,2025-03-10 15:06:00,SMS,불법 도박,비스팸,,표기법위반,nbc@20250305-01,,스팸(표기법위반),알 수 없음,0.95
1360,"MMS 스팸신고[Web발신](광고)한글 특별무료학습 대상자로 선정 (윙크 1개월분 한글학습지)학부모님은 자녀를 위한 윙크 한글 1개월 학습지 제공 대상자로 선정되었습니다.본 문자 수신 한정 특별 혜택으로, 이번주까지 미 신청 시 혜택 소멸되오니 한글 1위 학습, 윙크 혜택을 누려보시기 바랍니다.▶혜택 신청하기 : https://bit.ly/3F5Mloe [혜택 상세 내용]1.한글 학습지 한달분량2.한글 쓰기노트3.윙크 시청각 한글학습 (7일 이용)■ 문의    - 궁금한 내용은 윙크 학부모님 공감센터(1522-1244) 또는 윙크 카카오톡 채널 추가 후 문의해주세요.※ 본 문자는 2025년 3월 10일 현재 베이비뉴스 광고성 정보 수신 동의하신 회원님 대상으로 발송되었습니다. 수신을 원치 않으시면 아래 수신거부 해주세요. [문자거부] 0806205704_x000D_
MMS/한글 특별무료학습 대상자 선정","메시지는 교육 관련 스팸으로 분류되지만, 표기법 위반 사항이 있습니다. 특히 '(광고)' 표시가 메시지 본문의 시작 부분이 아닌 중간에 위치하고 있으며, 업체명과 연락처 정보가 명확하게 표기되지 않았거나, 표기법에 따른 필수 요소들이 완벽하게 준수되지 않았습니다. 또한, '무료수신거부' 번호가 명확하게 무료임을 명시하지 않아 표기법 위반으로 판단됩니다.",2286,242,0.0,0.0,0.0,250,2025-03-10 10:33:00,2025-03-10 10:01:00,MMS,교육,비스팸,,표기법위반,nbc@20250305-01,,스팸(표기법위반),알 수 없음,0.95
1494,"[Web발신][씨티은행]이*주고객님03/10일기준납입하실 원리금예상금액은420,200원입니다._x000D_
SMS/-","메시지는 금융 상품 관련 정보를 전달하고 있지만, 표기법 위반 사항이 있습니다. 특히 '(광고)' 표시가 누락되었고, 전송자의 명칭과 연락처가 명확하게 표시되지 않았습니다. 또한 무료 수신 거부 번호가 명확하게 표시되지 않았거나 무료임을 명시하지 않았을 가능성이 있습니다.",1925,206,0.0,0.0,0.0,116,2025-03-10 09:28:00,2025-03-10 09:04:00,SMS,결제 및 인증 코드,비스팸,,비스팸,nbc@20250305-01,,스팸(표기법위반),알 수 없음,0.9
1579,"[Web발신](광고)♥오창 랜드마크 포.스.코. THE SHARP 프레스티지 로.얄. 동.호.수. 마감 임박♥♥주변 시세 대비 1~2억 저렴한 분양가, 대장 아파트 프리미엄을 느껴보세요♥♥오시는 길 : 청원구 오동동 760♥♥ 모.델. 하우.스 구경만 해도 스타벅스 머그컵 또는 프리미엄 머그컵 포트기 지급♥(안내데스크 에서 지금 보내드린 문자를 보여주시는 고객님들에게 한하여   ""스타벅스 머그컵   또는   프리미엄 머그컵 포트기 세트""   증정 드립니다)- 로얄 동.호.수 대표 번호 문의 :              "" 1555-0958 ""- 인터넷 접수 : https://naver.me/xoHcFZYD♥ 지금 당장 받을 수 있는 프리미엄 혜택! 중도금 무이자, 시스템 에어컨 4대 무상, 발코니 확장 무상 (2000만원 이상의 무상옵션 제공)""더 샵"" 의 차별화 된 프리미엄 ♥ 지하6층 ~ 48층  30평 단일평수! ♥♥ 1.63:1 주차대수로 주차 스트레스 걱정 끝 ♥♥ 입주 때 까지 계약금 5% 끝 ♥♥ 중.도.금. 무이자 혜택 ♥♥ 오창 2차전지 특화단지 지정, 방사광 가속기등 인구 수요 기대로 수익 창출 ♥♥ 직주근접으로 실거주 최다 수요 ♥♥메가박스, 홈플러스, 호수공원 등 생활 인프라 근접 ♥♥ 단지 내 메디컬 센터 (충북대, 효성, 하나 협약 완료), 돌봄센터 운영 ♥♥오시는 길 : 청원구 오동동 760♥[친절 상담 1555 - 0958]더 샵 오.창. 프레스티지 이영일 팀장무료거부0808807614_x000D__x000D_
MMS/제목없음","이 메시지는 광고성 정보를 포함하고 있지만, 표기법 위반 사항이 명확합니다. 특히 (광고) 표시가 메시지 본문의 시작 부분이 아닌 중간에 위치하고 있으며, 업체명과 연락처 정보가 명확하게 처음에 표시되지 않았습니다. 또한, 광고 내용이 길게 이어져 있으며, 수신 거부 방법이 명확하게 끝부분에 명시되어 있지만, 표기법의 일관성과 명확성 측면에서 비준수한 부분이 있습니다. 이러한 이유로 스팸으로 분류하며, 표기법 위반 사항이 주요 이유로 작용했습니다.",2586,295,0.0,0.0,0.0,31,2025-03-10 05:07:00,2025-03-08 10:35:00,MMS,주식 및 투자,비스팸,,표기법준수,nbc@20250305-01,,스팸(표기법위반),알 수 없음,0.95
1193,"[Web발신][더불어민주당 광명을 지역위원회 당원결의대회 안내] 오는 3월 16일, 광명을 지역위원회 당원결의대회를 개최 합니다. 이번 대회에서는 김병주 최고위원님과 이한주 민주연구원장님을 모시고 현 정국에 대한 이해와 앞으로 민주당이 나아갈 길에 대해 이야기를 듣습니다. 당원결의대회에 꼭 참석하시어 동지들과 함께 지혜를 나누며 내란종식을 결의 합시다.○더불어민주당 광명을 지역위원회 당원결의대회 안내■일시 : 3월 16일 일요일 오후 3시■장소 : 광명시 평생학습원 1층 101호 대강당■문의 : 02-897-4101(지역사무실)_x000D_
MMS/[더불어민주당 광명을 지역위원회 당원결의","이 메시지는 특정 정당의 지역위원회에서 주최하는 당원결의대회에 대한 안내로 보입니다. 광고성이나 스팸 요소가 거의 없으며, 정당 활동과 관련된 정보를 제공하고 있어 정상적인 정치 활동 메시지로 분류됩니다. 표기법 준수 여부는 메시지의 본문에서 명확한 광고 표기법 준수를 확인할 수 있는 요소가 부족하지만, 정치적 이벤트 안내라는 맥락에서 스팸으로 분류하기는 적절하지 않습니다.",2192,231,0.0,0.0,0.0,417,2025-03-10 11:57:00,2025-03-10 11:43:00,MMS,선거 및 여론조사,비스팸,,비스팸,nbc@20250305-01,,비스팸,알 수 없음,0.95
694,"MMS 스팸신고[Web발신][KG모빌리언스] - 사용자명 :탁홍용님 - 고객번호 : 1416475804  ▶채권 마감으로 인한【상위부서 이관】전 2월 마지막【원금""특별감면""】대상자에게 안내 발송합니다.▶【원금: 206,140원 ▶감면금액: 151,000원 입금시 <채무종결>】◀탁홍용님 ■계좌: 7901-3448-0446-90 (농협)■예금주 : 케이지 모빌리언스(주)▶신용카드12개월 할부가능1. 채권반환 채무사실 통보건으로 금일 미협의 미입금시 당사 소액결제(쿠팡 옥션 카카오 배달서비스 등 ) 영구차단 및 당사규제 등 규정처리 예정 2. 본인의 개인정보(주민번호정보) 입력후  인지하에 사용한 건이며, 지속 변제촉구에도 불응하여 귀하는 【고의적인 변제거부자】로 판단. 3. 당사【카드정지 및 (대)지급 정지 진행예정】입니다.-채무금 회수를위해 미납사실관련 추심안내  지속되오니, 이하 참고하시어 불이익없도록 속히  6시전 [감면금액] 자진변제 바랍니다.▶채권자로서 정당한 권리이행중이며, 손실금 회수전까지 추심중단불가.※채권담당:  02-2018-2542 ※장기미납 대표번호: 1800-4849_x000D_
MMS/KG모빌리언스 고객센터","이 메시지는 금융 상품과 관련된 채무 감면 및 추심 안내를 포함하고 있으며, 사용자에게 즉시 변제를 요구하며 불이익을 경고하는 내용이 포함되어 있습니다. 또한, 표기법 준수에 대한 명확한 표시가 부족하며, 특히 광고성 정보의 시작 부분에 (광고) 표기가 누락되어 있어 표기법 위반 요소도 있습니다. 이러한 이유로 스팸으로 분류하며, 세부 카테고리는 금융 상품 관련 스팸으로 지정합니다.",2482,266,0.0,0.0,0.0,916,2025-03-10 16:23:00,2025-02-28 12:53:00,MMS,금융 상품,비스팸,,비스팸,nbc@20250305-01,,스팸(금융 상품),알 수 없음,0.95
1572,"[Web발신](광고)[웰컴저축은행 대출비교서비스] 모바일에서 받을 수 있는 예상한도가 나왔어요. 아래 링크를 눌러 간편하게 확인해보세요.━━━━━━━━━━━[대출한도 확인하기]▶링크 : https://abr.ge/dp3ine▶경로 : 본인인증→맞춤대출 조회하기━━━━━━━━━━━※ 예상한도는 고객님과 유사한 신용정보를 보유한 고객님의 한도를 분석하여 제공하는 것으로 대출가능 조회시점, 상환방식, 차주별 DSR 기준, 대출신청 및 심사시점의 차이에 의해 대출 제한, 대출한도가 변경될 수 있습니다.※ 웰컴저축은행(주)은 대출상품을 대리·중개하며 대출계약체결권은 소비자가 신청한 제휴 금융사에 있으며, 여신심사 등을 통한 대출계약체결권은 소비자가 신청한 금융사에서 결정합니다.※ 본 서비스 이용과 관련하여 소비자는 금융소비자보호법 제44조와 제45조에 따라 금융상품직접판매업자인 금융기관 및 금융상품판매대리중개업자인 웰컴저축은행(주)에게 손해배상을 청구할 수 있습니다.※ 본 서비스 이용을 위해 소비자가 입력한 개인정보와 신용정보는 금융상품직접판매업자인 제휴 금융사가 보유 및 관리합니다.※ 웰컴저축은행(주)은 본 서비스를 통한 대출계약, 대출？_x000D_
SMS/-","메시지는 대출 비교 서비스를 홍보하며 직접적인 대출 신청을 유도하는 링크를 포함하고 있습니다. (광고) 표기는 있지만, 전송자 명칭과 연락처가 명확하게 표시되지 않았으며, 표기법 준수에 필요한 세부 정보가 부족합니다. 또한 금융 상품 광고의 특성상 스팸으로 분류됩니다.",2447,206,0.0,0.0,0.0,38,2025-03-10 06:00:00,2025-03-06 12:30:00,MMS,대출,비스팸,,표기법준수,nbc@20250305-01,,스팸(금융 상품),알 수 없음,0.95
886,"MMS 스팸신고[Web발신]‘온라인 최저가 장보기’ 베타 테스터 모집안녕하세요, 1000만이 선택한 최저가 장보기앱 올웨이즈입니다.올웨이즈에서 앱 경험 개선을 앞두고, 그간 어디서도 경험해보지 못한 ‘온라인 최저가 장보기’를 누구보다 먼저 경험해보실 분들을 모집합니다! [베타 테스트 EVENT]- 참여 비용: 무료- 참여 대상: 장바구니 물가 걱정을 조금이라도 덜고 싶은 분이라면 누구나 - 참여 방법: 아래 링크 통해 응모 (1분 소요)- 링크: https://forms.gle/coT7wc1fuEX79Lcr5_x000D_
MMS/안녕하세요. 올웨이즈 고객센터입니다.","메시지는 온라인 서비스 앱의 베타 테스터 모집을 홍보하고 있지만, 표기법 위반 사항이 있습니다. 특히 '(광고)' 표시가 누락되어 있으며, 전송자의 명칭과 연락처가 명확하게 표시되지 않았습니다. 이러한 표기법 위반은 규정에 따라 스팸으로 분류됩니다.",2157,201,0.0,0.0,0.0,724,2025-03-10 14:53:00,2025-03-07 20:45:00,MMS,구인광고,비스팸,,스미싱,nbc@20250305-01,,스팸(표기법위반),알 수 없음,0.95
1233,"MMS 스팸신고[Web발신][유해차단고객센터입니다]안녕하십니까.전화번호 남기셔서 연락드렸으나 부재중이셔서 문자드립니다. 통화가능하실때 전화주시기 바랍니다.감사합니다._x000D_
MMS/null","메시지는 고객센터를 사칭하며 전화 연락을 유도하고 있습니다. (광고) 표시 없이 '유해차단고객센터'라는 명칭을 사용하여 신뢰를 얻으려는 시도가 보이며, 이는 표기법 위반에 해당합니다. 또한, 부재중 연락 후 즉시 전화 요청을 하는 것은 일반적인 고객 서비스 메시지와는 다르게 스팸성을 띱니다.",1967,220,0.0,0.0,0.0,377,2025-03-10 11:37:00,2025-03-10 11:16:00,MMS,대출,비스팸,,비스팸,nbc@20250305-01,,스팸(표기법위반),알 수 없음,0.85
270,"[Web발신](광고)최신상'셀루켓'액티브 50%사전예약 D-1lashevan.com무료수신거부0805301732_x000D_
SMS/-","메시지는 '(광고)' 표시를 사용했지만, 전송자의 명칭이 명확하지 않고, 업체명이 'lashevan.com'으로만 표기되어 있어 수신자가 어디에서 온 광고인지 명확히 인지하기 어렵습니다. 또한, 표기법 준수를 위한 필수 요소인 업체명이 본문 처음에 명확하게 기재되지 않았으며, 특수 문자나 변칙적인 표기법 사용으로 인해 표기법 위반에 해당합니다.",1927,230,0.0,0.0,0.0,1340,2025-03-10 19:49:00,2025-03-10 19:46:00,SMS,온라인 서비스 광고,비스팸,,표기법위반,nbc@20250305-01,,스팸(표기법위반),알 수 없음,0.95
1599,"(광고) 더후, 【 3월 혜택  종료 안내 】■ 구매 하면 할수록 더 커지는 혜택 □ 김지원이 사랑하는 에센스 1위 → 비첩 자생 에센스 50ml / 165,000원→ 1개 구매시 자생에센스 20ml + 천기단 화현 2종 키트 증정 (12만원 상당)→ 2개 구매시 자생에센스 20ml  2개 +천기단 화현 2종 키트 2개 +비첩 자윤크림 20ml 증정 + 추가 혜택♥TIP : 추가 혜택은 매장을 통해서 확인하세요.■ 더후 3월 혜택 구경하기 http://l-caremembers.com/mdm.jsp?seq=17467□ 기간 : 3월8일(토)~3월9일(일) □ 5만원 이상 구매시 플라워 캔버스백 증정□ 20/40/60/100만원 구매시 1/2/3/5만원  백화점 상품권 증정[문의] 롯데 전주점※ 기간 내 1인 1회 한정※ 기획세트, 대용량 제품 및 타 행사와 중복 증정 불가/ 조기 품절시 타 제품으로 대체 증정☎ 무료수신거부 0808635540_x000D__x000D_
MMS/(광고) 더후 3월 행사 이번주 종료","메시지는 광고성 정보를 포함하고 있지만, 표기법 위반 사항이 있습니다. 특히 '(광고)' 표시는 존재하지만, 업체명 '(더후)'가 광고 내용의 시작 부분이 아닌 중간에 위치하고 있으며, 필수 표기 요소들이 명확하게 메시지의 시작과 끝에 일관되게 표시되지 않았습니다. 또한, 무료 수신거부 번호가 명시되어 있지만, 표기법 준수를 위한 필수 요소들이 완벽하게 지켜지지 않았습니다. 이러한 이유로 표기법 위반으로 분류됩니다.",2335,268,0.0,0.0,0.0,11,2025-03-10 00:49:00,2025-03-08 11:09:00,MMS,오프라인 광고,비스팸,,표기법준수,nbc@20250305-01,,스팸(표기법위반),알 수 없음,0.95
1513,"MMS 스팸신고[Web발신][선거운동정보]다함께~차차차! 강화군의원 후보 기호1번 차성훈 입니다!군민과 같이! 강화의 가치를 올리겠습니다!강화의 미래를 함께 고민하고해결하겠습니다.1. 천원으로 병원 앞까지 모셔다드리겠습니다!어르신 교통문제 해결하겠습니다!병원진료, 강화 곳곳을 다니시는데불편함이 없도록 하겠습니다.2. 강화 소상공인 신바람이 납니다!30여년 강화5일장을 다니며, 장사하신 부모님께 성실함을 배웠습니다.조선전집의 아들! 외포리젓갈시장 황제2호의 사위!미용실 차쌤! 다함께 차차차! 차성훈이 할 수 있습니다.3. 강화를 청년 창업 1번지 만들겠습니다.15년동안 미용업을 종사하고 있는 차성훈은 우리 강화가 청년들의보금자리가 되는데 앞장서겠습니다.우리 자식과 손주가 잘되어 강화 어르신과 부모님께 효도하고, 봉사하는 행복한 강화를 만들겠습니다.강화의 미래를 위해! 차성훈에게 힘을 실어주십시오!효도하는 강화를 위해! 차성훈의 손을 잡아주십시오!감사합니다.강화군의원 가선거구 (강화읍·교동면·송해면·하점면·양사면)민주당 기호1번 차성훈 올림* 주요경력 *- 합일초, 강화중, 덕신고 졸업- salon 차쌤 미용실 대표- 민주평화통일자문회의 자문위원(전)- 민주당 인천시당 중구강화군옹진군 청년위원장(현)- 민주당 인천시당 청년위원회 부위원장(현)- 민주당 인천시당 강화군소상공인살리기특별위원장(현)- 민주당 인천시당 강화군어업인살리기특별위원장(현)** 다함께 차차차, 차성훈 후보 후원회 안내 **- 국민 252101-04-178965(문의 : 010-3271-7240)불법수집정보 신고번호 118번수신거부 0808888489_x000D_
MMS/기호1번 차성훈! 다함께~차차차!","이 메시지는 선거 운동 정보로 분류되지만, 표기법 위반 사항이 있습니다. 특히 '(광고)' 표시가 명시적으로 포함되어 있지 않고, 전송자의 명칭과 연락처가 명확하게 표기되지 않은 부분이 있습니다. 또한, 표기법 준수를 위한 필수 요소들이 완벽하게 구현되지 않았습니다. 이러한 이유로 표기법 위반으로 분류됩니다.",2735,469,0.0,0.0,0.0,97,2025-03-10 09:05:00,2025-03-08 14:39:00,MMS,선거 및 여론조사,비스팸,,비스팸,nbc@20250305-01,,스팸(표기법위반),알 수 없음,0.95
937,"[Web발신][스마일페이] 결제가 완료되었습니다. 상세 내역은 스마일페이 웹/앱에서 확인해 주세요._x000D_
SMS/-","메시지는 결제 완료 알림을 전달하지만, (광고) 표기법을 준수하지 않았으며, '스마일페이 웹/앱에서 확인'이라는 문구는 사용자에게 추가적인 행동을 유도하며, 일반적인 결제 완료 알림 메시지보다 광고적 성격이 강합니다. 특히 표기법 위반 사항이 포함되어 있어 스팸으로 분류합니다.",1916,204,0.0,0.0,0.0,673,2025-03-10 14:35:00,2025-03-10 00:44:00,SMS,결제 및 인증 코드,비스팸,,비스팸,nbc@20250305-01,,스팸(결제 및 인증 코드),알 수 없음,0.95
714,"[Web발신][에스씨케이]2025년 02월급여명세서 보기 :http://insapay.kr/ebrC_x000D_
SMS/-","메시지는 급여 명세서 확인을 위한 링크를 제공하고 있지만, (광고) 표기법을 준수하지 않았습니다. 또한, 전송자 정보가 명확하지 않고, 무료 수신 거부 번호가 명시되지 않아 표기법 위반에 해당합니다.",1911,155,0.0,0.0,0.0,896,2025-03-10 16:16:00,2025-03-10 16:08:00,SMS,구인광고,비스팸,,비스팸,nbc@20250305-01,,스팸(표기법위반),알 수 없음,0.95
812,"[Web발신](광고) 스파크13~14~220~250모닝~300~330스타렉스12년~~700~포터~500~봉고1.2t~550~_x000D_
SMS/-","메시지는 광고성 정보를 포함하고 있지만, (광고) 표시와 함께 전송자의 명칭 및 연락처가 명확하게 제공되지 않았으며, 광고 내용이 매우 간결하고 구체적인 정보 없이 가격 범위만 나열되어 있어 표기법을 준수하지 않았습니다. 또한, 수신 거부 방법이 명확하게 제시되지 않았습니다.",1931,203,0.0,0.0,0.0,798,2025-03-10 15:23:00,2025-03-10 15:10:00,SMS,불법 도박,비스팸,,표기법위반,nbc@20250305-01,,스팸(표기법위반),알 수 없음,0.95
552,"[Web발신]https://buly.kr/NjNTxf 민주수호의봄을 맞는 마음으로 인사드립니다 진보당이은영올림_x000D_
SMS/-","메시지 시작 부분에 웹사이트 링크가 포함되어 있으며, 발신자 정보가 명확하지 않고, 일반적인 정치적 메시지 전달 방식과는 다르게 구성되어 있어 표기법 위반으로 판단됩니다. 특히, 발신자 정보가 부족하고 (광고) 표시나 업체명이 명시되지 않아 표기법을 준수하지 않았습니다.",1919,186,0.0,0.0,0.0,1058,2025-03-10 17:29:00,2025-03-10 17:25:00,SMS,선거 및 여론조사,스팸,,비스팸,nbc@20250305-01,,스팸(표기법위반),알 수 없음,0.9
845,"MMS 스팸신고[Web발신][Web발신] (광고)TM직영영업파트 김미영 입니다.   고객님^^ ★연락드린곳은 메리츠화재    다이렉트상담사 김미영이예요   고가의 암치료비!!!   안내차 연락드려요▶고가의 암치료비    표적치료/ 면역치료/   양성자 방사선   >>>1억5천 !!! ▶ 로봇암수술시  1천만원 !!!▶항암방사선치료시 1천만원  >>>  보험료 2만원대▶남성암1위 폐암,간암,위암시     가장 선호하는 치료법!!!   (표적 ,면역,양성자,세기조절    로봇수술)     ▶완치율 높고 부작용적음    재발,전이도 적음  ▶통원치료>>주사한방에    평균 5백~많게는 1천만원!!!▶ 표적,면역,양성자   같은 완치율높은 고가암치료      실비보장 NO !!!   건겅보험적용 NO !!!   >>>암치료비용 이젠 필수!!!건강검진 가기전에 안전벨트처럼 미리미리 준비하세요^^오늘도 행복하시고건강 하세요~~♣☎법인업무폰 010-2001-2853   담당자 김미영무료수신거부 : 080-808-8810_x000D_
MMS/(광고)메리츠화재","이 메시지는 금융 상품, 특히 암 치료 관련 보험 상품을 홍보하는 내용으로, 스팸으로 분류됩니다. 표기법 위반 사유는 다음과 같습니다:
1. (광고) 표시가 메시지 본문의 시작 부분이 아닌 중간에 위치하고 있으며, 전송자의 명칭과 연락처가 명확하게 처음에 표시되지 않았습니다.
2. 무료수신거부 번호가 메시지의 끝 부분에 명시되어 있지만, '무료'라는 명시가 명확하지 않거나 강조되지 않았습니다.
3. 광고 내용이 지나치게 강조되고 과장된 표현을 사용하여 수신자의 주의를 끌고 있으며, 이는 표기법 준수의 일부 요건을 위반합니다.",2388,332,0.0,0.0,0.0,765,2025-03-10 15:09:00,2025-03-10 10:23:00,MMS,금융 상품,비스팸,,표기법준수,nbc@20250305-01,,스팸(표기법위반),알 수 없음,0.95
271,"[Web발신](광고)최신상'셀루켓'액티브 50%사전예약 D-1lashevan.com무료수신거부0805301732_x000D_
SMS/-","메시지는 '(광고)' 표시를 사용했지만, 전송자의 명칭이 명확하지 않고, 업체명이 'lashevan.com'으로만 표기되어 있어 수신자가 어디에서 온 광고인지 명확히 인지하기 어렵습니다. 또한, 표기법 준수를 위한 필수 요소인 업체명이 본문 처음에 명확하게 기재되지 않았으며, 특수 문자나 변칙적인 표기법 사용으로 인해 표기법 위반에 해당합니다.",1927,230,0.0,0.0,0.0,1339,2025-03-10 19:49:00,2025-03-10 19:05:00,SMS,온라인 서비스 광고,비스팸,,표기법위반,nbc@20250305-01,,스팸(표기법위반),알 수 없음,0.95
1293,"MMS 스팸신고[Web발신]【(3.10일)1차 소액채권 민사소송(서울중앙지법) 접수 및 재산권 압류검토대상】▶소송대상금액 : 552,000원 (카드납부가능)▶입금전용계좌 : 우리은행 / 28516381318614※ 당일까지 미협의시(소송검토 이의제기) 없음으로 간주됩니다.▶채권자 : G a l a x ia_머니트리(주) 빌게이트▶채무자 : 강향숙님▶최종협의기일 : 3.10일 ~18:00 (1차) ▶법적 구속력 : 증권사,은행 전계좌, 급여, 퇴직금(연금포함), 자동차, 부동산, 임대차 보증금 등 재산압류 가능 여부 검토▷하기 검토 내용을 필히 숙지하시기 바랍니다. (법조치 대상 선정 시 불이익 사전고지)▷전기통신사업법 제 30조 위반(제3자 명의대여, 현금융통, 휴대폰 소액대출 등)- 누구든 전기통신 사업자가 제공하는 서비스를 타인에게 매개하거나 제공하는 것을 금지한다. (각 호의 어느 하나라도 해당하는 자는 1년 이하의 징역 또는 5천만원 이하의 벌금에 처한다)▶법조치 진행 시 불이익, 압류 대상 안내1) 채무 불이행(신용불량) 명부등재 예정- 대출 심사 부결 및 현재 진행중인 대출(주택담보, 전세대출, 신용대출) 기한이익상실 전액청구 우려- 신용카드 즉시정지 및 한도소멸 우려-2)전계좌 지급정지 (카카오뱅크, K뱅크, 토스뱅크, 기업, 신한, 우리, 농협, 국민, 하나, 새마을금고, 우체국, 지역은행 포함 등등) 압류 송출 검토▷해당 법률에 위반되는 사항이 없는 고객은 담당자와 협의시 불이익 발생없음【납부정보】- 미납원금:  552,000원  (이자 및 소송비용별도) - 가상계좌:  우리은행   28516381318614- 소송팀 매니저:   02-6949-2173- 법인휴대폰: 010-7643-7359/010-2202-4981(문자수신가능) 갤 럭 시 아 머 니 트 리 (주)_x000D_
MMS/[제목없음]","이 메시지는 법적 소송과 재산 압류를 위협하며 즉각적인 금전 납부를 요구하는 내용으로, 전형적인 피싱 및 결제 관련 스팸 메시지입니다. 특히, 소액 채권 소송과 관련된 압박적인 언어와 즉시 입금을 요구하는 계좌 정보 제공은 사용자의 긴급한 행동을 유도하려는 의도가 명확합니다. 표기법 위반 요소도 일부 포함되어 있으며, 공식적인 법적 절차를 가장하면서도 구체적인 법적 근거와 함께 금전적 압박을 가하는 방식은 스팸 메시지의 특징을 잘 보여줍니다.",2813,305,0.0,0.0,0.0,317,2025-03-10 11:03:00,2025-03-10 10:35:00,MMS,금융 상품,비스팸,,비스팸,nbc@20250305-01,,스팸(결제 및 인증 코드),알 수 없음,0.95
786,"[Web발신](광고)차홍룸(가로수길점)안녕하세요 공다은고객님 차홍룸(가로수길점) 입니다.오늘 이렇게 뜻깊은 생일을 함께 축하드릴 수 있어 기쁩니다.항상 가정의 행복과 아름다움을 함께 하길 기원하겠습니다.도움 필요하신 부분 있으시면 언제든 연락주세요♡무료수신거부:0808080665_x000D_
MMS/(광고)차홍룸(가로수길점)안녕","메시지는 광고성 정보를 명확히 표시하고 있으며 (광고)와 업체명 '(가로수길점) 차홍룸'을 본문 처음에 기재하고 있습니다. 또한 무료 수신 거부 번호를 제공하여 표기법을 준수하고 있습니다. 내용은 고객 생일 축하와 서비스 이용 문의를 위한 연락 요청으로, 스팸 요소보다는 고객 관계 관리에 초점을 맞추고 있습니다.",2052,220,0.0,0.0,0.0,824,2025-03-10 15:32:00,2025-03-10 13:30:00,MMS,오프라인 광고,비스팸,,표기법준수,nbc@20250305-01,,비스팸(표기법준수),알 수 없음,0.95
1558,"MMS 스팸신고(광고) 에이블리에서 무료로 커피 뿌리는 중! (선착순)■ 대상자 : 에이블리 휴면 회원■ 혜택 : [아메리카노] 기프티콘 무료 지급이벤트 확인하기▶ https://applink.a-bly.com/f49qn5[무료 수신거부]0808880631_x000D_
MMS/에이블리 공짜 커피 이벤트","메시지는 온라인 서비스(에이블리)의 이벤트 광고로 보이나, 표기법 위반 사항이 있습니다. 특히 '(광고)' 표시가 명확하지 않고, 업체명과 광고 내용 사이의 구분이 부족하며, 광고성 정보의 시작 부분에 명확한 광고 표시가 부족합니다. 또한, 무료 수신거부 번호가 메시지의 끝 부분에 명확하게 표시되어야 함에도 불구하고, 이 부분이 적절하게 처리되지 않았습니다. 이러한 이유로 표기법 위반으로 분류됩니다.",2010,270,0.0,0.0,0.0,52,2025-03-10 07:28:00,2025-03-07 12:18:00,MMS,온라인 서비스 광고,비스팸,,표기법준수,nbc@20250305-01,,스팸(표기법위반),알 수 없음,0.95
239,"[Web발신](광고)최신상'셀루켓'액티브 50%사전예약 D-1lashevan.com무료수신거부0805301732_x000D_
SMS/-","메시지는 '(광고)' 표시를 사용했지만, 전송자의 명칭이 명확하지 않고, 업체명이 'lashevan.com'으로만 표기되어 있어 수신자가 어디에서 온 광고인지 명확히 인지하기 어렵습니다. 또한, 표기법 준수를 위한 필수 요소인 업체명이 본문 처음에 명확하게 기재되지 않았으며, 특수 문자나 변칙적인 표기법 사용으로 인해 표기법 위반에 해당합니다.",1927,230,0.0,0.0,0.0,1371,2025-03-10 19:58:00,2025-03-10 19:45:00,SMS,온라인 서비스 광고,비스팸,,표기법위반,nbc@20250305-01,,스팸(표기법위반),알 수 없음,0.95
1023,"[Web발신]신광교클라우드시티 ☎1644-2572대표홈페이지 https://newgwanggyo-cloudcity.com/안녕하세요. 신광교클라우드시티입니다.귀하께서 사업을 하신다면 →새로운 하이앤드 비즈니스 공간을!투자를 하신다면 →소액(1천만원대)로 안정적인 장기임대수익을!→모델하우스 방문예약시 추가 특별혜택제공!→선착순 경품이벤트 진행!※이번 기회를 놓치지 마세요※Check Point▣ 계약금5%(실제 계약금 2%)▣ 계약축하금3%(페이백)▣ 중도금무이자▣ 준공시점 2029년(추가비용x)▣ 성장관리권역에 위치▣ 법인세,소득세 5년간 100%감면▣ 취득세,재산세 35%감면혜택▶주요 특징▣ 판교·광교·동탄을 잇는 핵심 입지 - 뛰어난 접근성과 비즈니스 인프라▣ 최고급 업무·연구 공간 - 쾌적한 환경과 스마트한 설계▣ 다양한 기업 지원 혜택 - 정부 지원 가능 및 각종 세제혜택▣ 고급 상업시설 및 편의시설 인접 - 임직원의 편리한 근무환경 보장성공적인 미래를 신광교 클라우드 시티와 함께 만들어가길 기대합니다.감사합니다.[신광교클라우드시티] 드림_x000D__x000D_
MMS/신광교클라우드시티","메시지는 부동산 광고로 오프라인 광고 카테고리에 속하지만, 표기법 위반 사항이 있습니다. 특히 '(Web발신)' 표기는 일반적인 광고 표기법 준수 예시와 다르게 사용되었으며, 광고 시작 부분에 명확한 '(광고)' 표시가 부족하고 업체명과 연락처의 명시가 본문 중간에 위치해 있어 표기법 A 항목을 준수하지 않았습니다. 또한 무료 수신 거부 번호가 명확하게 강조되지 않았거나 적절한 위치에 명시되지 않은 것으로 보입니다.",2457,276,0.0,0.0,0.0,587,2025-03-10 13:53:00,2025-03-08 13:28:00,MMS,주식 및 투자,비스팸,,표기법위반,nbc@20250305-01,,스팸(표기법위반),알 수 없음,0.95
244,"[Web발신](광고)최신상'셀루켓'액티브 50%사전예약 D-1lashevan.com무료수신거부0805301732_x000D_
SMS/-","메시지는 '(광고)' 표시를 사용했지만, 전송자의 명칭이 명확하지 않고, 업체명이 'lashevan.com'으로만 표기되어 있어 수신자가 어디에서 온 광고인지 명확히 인지하기 어렵습니다. 또한, 표기법 준수를 위한 필수 요소인 업체명이 본문 처음에 명확하게 기재되지 않았으며, 특수 문자나 변칙적인 표기법 사용으로 인해 표기법 위반에 해당합니다.",1927,230,0.0,0.0,0.0,1366,2025-03-10 19:57:00,2025-03-10 19:45:00,SMS,온라인 서비스 광고,비스팸,,표기법위반,nbc@20250305-01,,스팸(표기법위반),알 수 없음,0.95
925,"[Web발신](광고) 김은자님, 혹시 신용점수 고민이라면KB알다에는 중저신용자를 위한 상품도 있어요.신용점수 500점대로6천만원 대출 받으신 분도 있었어요.특히 연초에는 대출 규제 완화로한도가 더 많이 주어지고 있으니,생활자금이 필요하다면 이 기회를 잡아보세요.━━━━━━━━━━━━▼ 높아진 내 한도 알아보기https://kbalda.info/loan0310━━━━━━━━━━━━● 꼭 알아두세요- 본 메시지는 발송일 기준 문자 수신 동의 고객님께 발송됩니다.- 금리, 한도, 기간 등 조건은 고객의 신용 평가 결과에 따라 차등 적용됩니다.KB핀테크 준법감사인 심의필제 2025-02-07-002 (2025.02.07 ~ 2026.02.06)대출 진행 문의: 02-6147-0101기타 문의: https://alda.channel.io/home수신 거부: 080-880-0597_x000D_
MMS/[KB알다] 낮은 점수도 가능해요","메시지는 신용점수가 낮은 사용자를 대상으로 한 대출 상품을 홍보하고 있으며, 특정 웹사이트 링크를 통해 대출 정보를 제공하고 있습니다. 또한, 수신 거부 번호가 포함되어 있지만, 광고 표기법의 일부 요소가 완벽하게 준수되지 않았으며, 특히 광고 시작 부분의 표기법이 명확하지 않아 스팸으로 분류됩니다.",2243,522,0.0,0.0,0.0,685,2025-03-10 14:39:00,2025-03-10 14:36:00,MMS,대출,비스팸,,표기법위반,nbc@20250305-01,,스팸(금융 상품),알 수 없음,0.95
30,"[Web발신]< 중국 등 구제역 발생에 따른 축산관계자 준수사항 알림 >o 중국 등 구제역 발생 현황- 신장위구르자치구 동물질병예방통제센터는 하미시 동식물검역소에서 지역 내 이송된 소 72마리 중 1마리에서 구제역 확인(3.7일 보고, 혈청형 미정)- 헝가리(유럽)는 1973년 이후 52년 만에 구제역 재발생(3.7일)o 축산관계자 준수사항- 축산관계자는 중국, 동남아 등 구제역 발생국 해외여행을 자제하여 주시고, - 부득이하게 여행하는 경우 출입국 시 공항만에서 농림축산검역본부 검역관에게 신고하여 소독 등 조치를 받고, 귀국 후에는 최소 5일 이상 농장 출입 금지 - 농림축산식품부 -_x000D_
MMS/제목없음","이 메시지는 구제역 발생 관련 공식적인 안내 사항을 전달하고 있으며, 광고 목적보다는 정보 제공 및 안전 지침을 전달하는 성격이 강합니다. 표기법 준수 여부에 대한 명확한 (광고) 표시가 없지만, 내용의 성격상 스팸으로 분류하기보다는 공식적인 안전 안내 메시지로 판단됩니다. 따라서 비스팸으로 분류하며, 오프라인 관련 정보 제공으로 카테고리를 지정합니다.",2220,228,0.0,0.0,0.0,1580,2025-03-10 22:43:00,2025-03-10 14:16:00,MMS,오프라인 광고,비스팸,,비스팸,nbc@20250305-01,,비스팸,알 수 없음,0.95
303,"MMS 스팸신고[Web발신](배달안내) 고객님이 주문하신 음식이 약 60분 내에 도착할 예정입니다.● 주문일시: 3/8 오후 1:12● 주문번호: B20V00C4CK● 가게: 교촌치킨 좌동2호점● 메뉴: 교촌윙외 1● 배달주소: 부산 해운대구 좌동※ 배달의민족 앱 알림을 켜주세요. 실시간 푸시로 주문현황을 알려 드려요!_x000D_
MMS/우아한형제들","메시지는 배달 안내를 제공하는 것처럼 보이지만, 표기법 위반 사항이 있습니다. 특히 '(배달안내)'라는 표기가 명시적으로 광고임을 나타내는 '(광고)' 표기 없이 사용되었으며, 전송자의 명칭과 연락처가 명확하게 표시되지 않았습니다. 또한, 표기법 준수를 위한 필수 요소들이 완전히 포함되어 있지 않아 표기법 위반으로 분류됩니다.",2061,236,0.0,0.0,0.0,1307,2025-03-10 19:34:00,2025-03-08 13:13:00,MMS,온라인 서비스 광고,비스팸,,비스팸,nbc@20250305-01,,스팸(표기법위반),알 수 없음,0.95
982,"MMS 스팸신고[Web발신]LG유플러스 고객님, 안녕하세요.시장조사 기관 칸타코리아에서 연락드립니다.저희는 LG유플러스로부터 위탁을 받아LG유플러스에서 이용하고 계신 휴대폰 통신 품질(음성통화 및 데이터 품질) 개선을 위한 설문조사를 진행하고 있어요.보다 나은 서비스를 제공할 수 있도록 고객님의 소중한 의견을 들려주세요.설문조사를 완료하신 분들께는 커피쿠폰(아메리카노)을 제공해드리니 많은 참여 부탁드려요.▶조사기간: 2025년 3월 10일(월) ~ 17일(월)▶소요시간: 10분 이내▶아래의 링크를 통해 여러분의 소중한 의견을 들려주세요.: https://metasurvey.io/?list=3497▶쿠폰발송: 2025년 3월 21일(금)* 본 메시지는 엘지유플러스 고객님 중 위탁업체에게 개인정보제공 및 마케팅활용에 동의하신 분에 한해 발송되었어요.* 답변해주신 내용은 통계 목적으로만 활용돼요.* 데이터 이용을 원하지 않으시면, 와이파이에 연결한 다음 참여해주세요.* 본 조사에 대해 궁금하신 점이 있으신 경우, 칸타코리아(02-3415-5050) 또는 LG유플러스 고객센터(080-019-7000)으로 연락주시면 됩니다._x000D_
MMS/[KANTAR] LG U+ 통신 품질 만족도 설문조사","메시지는 설문조사 참여를 유도하는 광고성 내용을 담고 있지만, 표기법 위반 사항이 있습니다. 특히 '(광고)' 표시가 누락되어 있으며, 전송자 명칭과 연락처가 명확하게 표시되지 않았습니다. 이러한 표기법 위반은 스팸 메시지 분류 기준에 부합합니다.",2447,196,0.0,0.0,0.0,628,2025-03-10 14:10:00,2025-03-10 14:06:00,MMS,통신가입,비스팸,,비스팸,nbc@20250305-01,,스팸(표기법위반),알 수 없음,0.95
1446,"MMS 스팸신고[Web발신][동양생명 연락금지요구권 안내]안녕하세요. 강성우고객님금융소비자 보호에 관한 법률 제21조2에 의거하여금융상품을 소개 및 권유 목적으로 하는 연락에 대해080-701-1001(회사부담)으로 연락금지를 요청하실 수 있습니다.감사합니다._x000D_
MMS/[동양생명 연락금지요구권 안내]","메시지는 금융 상품 관련 정보를 제공하며, 수신자의 연락 거부 요청을 유도하는 내용을 포함하고 있습니다. 그러나 표기법 위반 사항이 명확하게 확인됩니다. 특히, (광고) 표시가 누락되어 있으며, 광고성 정보의 시작 부분에 전송자의 명칭과 연락처가 명확하게 표시되지 않았습니다. 이러한 표기법 위반은 규정에 따라 스팸으로 분류됩니다.",2033,237,0.0,0.0,0.0,164,2025-03-10 09:52:00,2025-03-10 08:54:00,MMS,금융 상품,비스팸,,비스팸,nbc@20250305-01,,스팸(표기법위반),알 수 없음,0.95
298,"[Web발신]이현자님의 카드포인트 중 180포인트가 2025년04월말일 소멸예정입니다. 제주은행_x000D_
SMS/-","메시지는 금융 상품 관련 정보를 전달하고 있지만, 표기법 위반 사항이 있습니다. 특히 '(광고)' 표시가 누락되어 있으며, 전송자의 명칭과 연락처가 명확하게 표시되지 않았습니다. 이러한 표기법 위반은 스팸 메시지로 분류될 수 있습니다.",1924,187,0.0,0.0,0.0,1312,2025-03-10 19:39:00,2025-03-10 10:01:00,SMS,금융 상품,비스팸,,비스팸,nbc@20250305-01,,스팸(표기법위반),알 수 없음,0.9
720,"MMS 스팸신고[Web발신]안녕하세요.^^일전에 집수리차 방문드린적이 있는 반해인테리어.달서sk뷰부동산입니다.저희 고객분들께만 드리는 광고문자이니 너그러히 봐 주시면 감사하겠습니다.달서SK뷰24평 계약포기 잔여세대를 최고혜택으로 소개해드립니다.현재 40평 34평 30평형이 실거래가기준 2천~5천만원까지 오른걸로 봐선 투자가치도 충분합니다.미분양물건으로 분류되어 취득세 양도세 중과세도 없으며분양가 3억5천만원대(확장.에어컨옵션포함)부터 계약 가능합니다. ■ 확장.에어컨 옵션포함 할인(저층기준 - 4천이상)1층 35,700~   2층 36.700~3층 38,400~   4층 40,200~5층이상 41,200 만원~■ 부동산계약시 서비스① 줄눈.실리콘 무상제공          (욕실.현관바닥.주방벽)② 입주청소 무상제공 (내부)☎직통상담번호 : 01033580940☞블로그 바로가기https://blog.naver.com/banhabudongsan/223789314048_x000D_
MMS/달서sk뷰 계약포기세대 할인분양","메시지는 부동산 할인 분양 광고를 전달하고 있지만, 표기법 위반 사항이 있습니다. 특히 '(광고)' 표시가 누락되어 있으며, 전송자의 명칭과 연락처가 명확하게 표시되지 않았습니다. 또한, 광고성 정보의 시작 부분에 명확한 광고 표시가 없어 수신자가 광고임을 즉시 인지하기 어렵습니다. 이러한 이유로 표기법 위반으로 분류됩니다.",2372,236,0.0,0.0,0.0,890,2025-03-10 16:11:00,2025-03-10 15:03:00,MMS,주식 및 투자,비스팸,,표기법위반,nbc@20250305-01,,스팸(표기법위반),알 수 없음,0.95
1426,"[Web발신]♡포츈이벤트![삼성화재12%]2월마감도 포츈과함께 대박나세요~ 이미영드림_x000D_
SMS/-","메시지 시작 부분에 (광고) 표기가 누락되었으며, 전송자 명칭과 연락처가 명확하게 표시되지 않았습니다. 또한 무료 수신 거부 번호가 명시되지 않았거나 명확하지 않아 표기법 위반에 해당합니다.",1925,164,0.0,0.0,0.0,184,2025-03-10 10:03:00,2025-02-24 09:15:00,SMS,금융 상품,스팸,,표기법위반,nbc@20250305-01,,스팸(표기법위반),알 수 없음,0.9
65,"[Web¹ß½？]_x000D__x000D_
MMS/null","메시지가 매우 짧고 의미있는 정보가 부족하며, '(Web1ß1⁄2?' 부분은 문법적으로 올바르지 않고 광고 표기법을 준수하지 않은 것으로 보입니다. 또한 전송자 정보나 수신 거부 방법이 명시되어 있지 않아 표기법 위반으로 판단됩니다.",1882,167,0.0,0.0,0.0,1545,2025-03-10 22:14:00,2025-03-09 14:35:00,MMS,확인불가,비스팸,,비스팸,nbc@20250305-01,,스팸(표기법위반),알 수 없음,0.95
1405,"(광고) ■메이퓨어 동대문점 10주년 EVENT■10년의 감사, 초특가로 보답합니다!────────────※ 인기시술 MEGA 세일- 점 제거 500원~- 제모 1천원~- 주름보톡스 2천원- 사각턱보톡스 8천원- 풀페이스 피코토닝 9천원- 인모드 FX 1부위 9천원- 슈링크 유니버스 100샷 1.8만원- 슈링크 유니버스 300샷 5만원※ [추천] 한정수량 패키지 특가- 피코토닝 10회 30만원- 인모드 풀페이스 5회 30만원- 물광 스킨부스터 5회 25만원- 기미개선 스킨부스터 5회 30만원- 엑소좀 스킨부스터 5회 80만원※ 프리미엄 시술 할인- '단독' 물광/탄력/안티에이징/기미개선 스킨부스터 최대 할인- 탈모 스킨부스터 3만원▼더 많은 이벤트 보기▼https://vo.la/fltLuf────────────-카톡 문의https://pf.kakao.com/_ljPqE-실시간 예약https://pf.kakao.com/_qkHdT무료 수신거부:080-001-7361_x000D__x000D_
MMS/null","메시지는 오프라인 미용 서비스 광고로 분류되지만, 표기법 위반 사항이 있습니다. 특히 '(광고)' 표시는 존재하지만, 업체명 '(메이퓨어 동대문점)'이 광고 내용의 시작 부분이 아닌 중간에 위치하고 있으며, 필수 표기 요소들이 명확하게 메시지의 시작과 끝에 일관되게 배치되지 않았습니다. 또한, 무료 수신거부 번호가 명시되어 있지만, 표기법 준수를 위한 구조적 요건이 완벽하게 지켜지지 않았습니다.",2321,263,0.0,0.0,0.0,205,2025-03-10 10:12:00,2025-03-10 09:37:00,MMS,병원 및 의약품,비스팸,,표기법준수,nbc@20250305-01,,스팸(표기법위반),알 수 없음,0.95
979,"MMS 스팸신고[Web발신](광고)[모빌리언스카드] 휴대폰 소액결제로 최대 100만원까지 비상금을 만들 수 있어요! 결제 금액은 나중에 내세요.◆편의점, 대형마트, 음식점, 카페 등◆연회비/전월실적 없이 무제한 최대 8.5% 적립!◆모빌마켓 최저가쇼핑+2% 적립+신규 3,000원+10% 쿠폰 지급까지!【모빌리언스카드】 지금 발급 받아 사용해보세요.▶ 카드 자세히 보기 : https://bit.ly/4ebqB7v▶ 앱 설치(카드신청) : https://bit.ly/3oeRL4h【모바일 비상금 만드는 방법】① 모빌리언스카드 앱 다운로드② 카드 무료 발급(개인 신용도에 영향이 없어요)③ 휴대폰 소액결제로 충전하고 충전한 금액은 다음달 통신비에 합산되어 청구④ 카드 결제가 가능한 신용카드 가맹점 어디에서나 결제 가능【카드 충전 및 혜택】① 휴대폰/계좌이체/가상계좌/신용카드 충전② APP 내 쇼핑몰 '모빌마켓' 최저가 상품 구매 및 2% 적립③ 바코드 결제 시 최대 8.5% 포인트 적립④ 계좌충전 후 결제 시 최대 1.0% 무제한 적립★월급 전 갑자기 돈이 필요할 때, 신용카드 사용이 어려울 때모빌리언스카드로 모바일 비상금 만들어 전국에서 사용하세요!☎고객센터 : 1800-0678 (평일 09시~18시)무료 수신거부 : 080-818-1003_x000D_
MMS/휴대폰결제로 충전하는 모빌리언스카드","메시지는 모빌리언스카드 발급과 휴대폰 소액결제를 통한 비상금 마련을 홍보하며, 금융 상품 관련 정보와 함께 결제 방법 및 혜택을 상세히 안내하고 있습니다. 특히 '최대 100만원까지 비상금', '휴대폰 소액결제', '카드 발급' 등의 내용은 금융 상품 광고의 특징을 보여주며, 표기법 준수 사항에서도 (광고) 표시와 무료 수신 거부 번호가 포함되어 있지만, 전체적인 맥락과 목적이 금융 상품 홍보에 초점이 맞춰져 있어 스팸으로 분류됩니다.",2551,312,0.0,0.0,0.0,631,2025-03-10 14:12:00,2025-03-10 09:39:00,MMS,금융 상품,비스팸,,표기법준수,nbc@20250305-01,,스팸(금융 상품),알 수 없음,0.95
485,"[Web발신]안녕하세요, ㈜케이스탯리서치입니다. 저희는 한국스포츠과학원의 의뢰로 체육인을 대상으로 「체육인 실태조사」를 진행하고 있습니다. 여러분의 소중한 의견은 체육인의 지위 및 권익보호를 위한 체육인 복지정책의 기초자료로 큰 도움이 됩니다. 참여해주신 분들께는 감사의 마음으로 조사 완료 후 커피 쿠폰을 보내드릴 예정입니다. 아래 링크를 통해 조사에 참여하실 수 있습니다. 많은 참여 부탁드립니다. 감사합니다. URL: https://kstat.surveys.kr/P25020605/?type=contact&KID=2665_2344_0 -케이스탯리서치 드림_x000D__x000D_
MMS/체육인실태조사(은퇴지도자) 참여 요청","이 메시지는 체육인 실태조사 참여를 요청하는 공식적인 설문조사 안내 메시지로 보입니다. (주)케이스탯리서치가 한국스포츠과학원의 의뢰로 진행하는 조사임을 명시하고 있으며, 참여자에게 보상(커피 쿠폰)을 제공한다는 내용이 포함되어 있습니다. 또한, 명확한 URL을 통해 설문조사 참여 링크를 제공하고 있어 스팸 메시지의 특징을 갖추지 않고 있으며, 표기법도 준수하고 있는 것으로 판단됩니다.",2177,259,0.0,0.0,0.0,1125,2025-03-10 17:59:00,2025-03-07 10:01:00,MMS,교육,비스팸,,비스팸,nbc@20250305-01,,비스팸,알 수 없음,0.95
493,"MMS 스팸신고[Web발신](광고) [25년 2월 종합소득세 신고]■ 환급 조회 대상자 : 고객님■ 삼쩜삼 고객 평균 예상 환급액 : 265,668원▶ [국세환급 조회하기] : https://tl.3o3.co.kr/a0fq3g※ 해당 번호는 발신전용이며, 문의사항은 삼쩜삼 고객센터를 이용해주세요.[무료 수신거부]0808880537_x000D_
MMS/국세환급 미조회자 : 고객님","메시지는 금융 관련 서비스(세금 환급 조회)를 홍보하고 있지만, 표기법 위반 사항이 있습니다. 특히 '(광고)' 표시가 메시지 본문의 시작 부분에 명확하게 위치하지 않고, 광고성 정보의 시작을 명확히 인지하기 어려운 구조입니다. 또한, 무료 수신거부 번호가 표기법에 따라 명확하게 강조되지 않았으며, 광고 내용이 수신자의 개인 정보(종합소득세 관련 정보)와 연관되어 있어 피싱 위험성이 있습니다. 이러한 이유로 스팸으로 분류하며, 표기법 위반 사항도 함께 지적합니다.",2053,302,0.0,0.0,0.0,1117,2025-03-10 17:57:00,2025-02-26 10:42:00,MMS,온라인 서비스 광고,비스팸,,표기법준수,nbc@20250305-01,,스팸(표기법위반),알 수 없음,0.95
23,"MMS 스팸신고[Web발신]엄다면 산악회 공지3월 아차산 시산제일시:3윌15일(토요일)10시집결지:아차산역1번출구앞산행지:아차산산행시간:1시간>시산제>식당참가비:3만원식당:중화 호반닭갈비 1시서울시 광진구 천호대로129길79010 3731 4079회비 및 후원계좌농협 정정미 산악회총무352 1597 8169 13(찬조 환영합니다~)산악회회장 최종안010 9906 1138산악회부회장정경란010 3263 9218산악회총무정정미 010 8407 5177산악총대장최종삼 010 4420 6082산악대장주영화  010 5288 6799산악대장장성근  010 2065 3762산악회고문윤석훈 010 3129 9622홍보국장이용철   010 3227 6678산악회 운영위원주영근 010 3424 9953김미영 010 2301 2950윤옥희 010 2485 1259이윤심 010 6640 0161산악회원님들의 많은참석바랍니다~_x000D_
MMS/엄다면 산악회 공지 3월 아차산 시산제","이 메시지는 특정 산악회 공지를 전달하는 것처럼 보이지만, 다음과 같은 이유로 스팸으로 분류됩니다:
1. **표기법 위반**: (광고) 표기가 누락되어 있으며, 전송자의 명칭과 연락처가 명확하게 표시되지 않았습니다.
2. **과도한 연락처 나열**: 산악회 관련 인원들의 연락처가 상세하게 나열되어 있어, 일반적인 공지 메시지보다 광고적 성격이 강합니다.
3. **참가비 및 후원 계좌 정보**: 참가비와 후원 계좌 정보가 포함되어 있어, 수신자에게 직접적인 금전적 참여를 유도하는 경향이 있습니다.",2333,312,0.0,0.0,0.0,1587,2025-03-10 22:59:00,2025-03-10 18:32:00,MMS,오프라인 광고,비스팸,,비스팸,nbc@20250305-01,,스팸,알 수 없음,0.95
802,"[Web발신](광고) 스파크13~14~220~250모닝~300~330스타렉스12년~~700~포터~500~봉고1.2t~550~_x000D_
SMS/-","메시지는 광고성 정보를 포함하고 있지만, (광고) 표시와 함께 전송자의 명칭 및 연락처가 명확하게 제공되지 않았으며, 광고 내용이 매우 간결하고 구체적인 정보 없이 가격 범위만 나열되어 있어 표기법을 준수하지 않았습니다. 또한, 수신 거부 방법이 명확하게 제시되지 않았습니다.",1931,203,0.0,0.0,0.0,808,2025-03-10 15:26:00,2025-03-10 15:10:00,SMS,불법 도박,비스팸,,표기법위반,nbc@20250305-01,,스팸(표기법위반),알 수 없음,0.95
32,"[Web발신]결제완료에스케이쉴더스(주)30분 유료권10,000원_x000D_
SMS/-","메시지는 '(광고)' 표기 없이 시작되며, 전송자 정보와 연락처가 명확하게 표시되지 않았습니다. 또한 무료 수신 거부 번호가 명시되지 않아 표기법 위반에 해당하며, '결제완료'라는 문구와 함께 금액 정보가 포함되어 있어 결제 관련 스팸으로 판단됩니다.",1907,185,0.0,0.0,0.0,1578,2025-03-10 22:41:00,2025-03-10 17:48:00,SMS,오프라인 광고,비스팸,,비스팸,nbc@20250305-01,,스팸(표기법위반),알 수 없음,0.95
1035,"(광고) YBM인강으로 확실한 시험대비♬곧 다가오는 토익, 토익스피킹 시험..이제는 더 이상 미룰 수는 없다!시간이 얼마 남지 않아서 불안하다면?빠르게 고민을 해결해주는 YBM인강과 함께하세요!토익, 토익스피킹 공식주관사인 ETS의 최신 기출 문제를 제공하고, 응시료 할인쿠폰으로 남들과는 저렴하게 시험에 응시할 수 있다구요♡점수는 시간 싸움이니까!망설이지 말고 바로 YBM인강과 함께하세요:)● 트리플 토익 환급코스1) 최대 300% 환급 + 토익응시료 추가 환급2) 토익응시료 50% 할인 쿠폰 지급3) 교재 구입비 및 최신 기출문제지 제공[이번 기수 오늘이 마지막]https://s.ybmclass.com/EBN4DnkP0p● 토익스피킹패스1) 토익스피킹 인강 무제한 수강2) 시험 응시료 10% 할인 쿠폰 제공3) 공식 기출 수험서 2권 포함[토익스피킹패스 바로가기]https://s.ybmclass.com/jl4zTd6j4S※ 본 SMS는 YBM패밀리회원 정보 내 기입된 휴대폰 정보로 발송되었습니다.※ YBM NET 고객센터: 02-2008-5200(9시~18시, 주말/공휴일/점심시간 12:30~13:30 제외)※ 무료 수신거부: 080-808-0239_x000D_
MMS/(광고) YBM인강으로 확실한 시험대비♬","메시지는 교육 관련 광고로 보이나, 표기법 위반 사항이 있습니다. 특히 '(광고)' 표시는 존재하지만, 업체명 '(YBM인강)'이 메시지 본문의 처음이 아닌 중간에 위치하고 있으며, 표기법에 따라 업체명은 광고 표시 바로 뒤에 와야 합니다. 또한, 무료 수신거부 번호가 명시되어 있지만, 표기법 준수를 위한 필수 요소들이 완벽하게 준수되지 않았습니다. 이러한 이유로 표기법 위반으로 분류됩니다.",2470,257,0.0,0.0,0.0,575,2025-03-10 13:45:00,2025-02-13 13:51:00,MMS,교육,비스팸,,표기법준수,nbc@20250305-01,,스팸(표기법위반),알 수 없음,0.95
1103,"MMS 스팸신고[Web발신]딩동^^ 성큼 다가온 봄맞이 준비는 잘 하고 계신지요...?건강한 봄맞이를 위한 첫 준비 안내입니다.3월이 지나면 늦습니다.- 각 보험사들의 손해율 증가로 보험료 4월이면 보험료 인상- 내 보험의 보장이 궁금하신 고객님 & 갱신에 대한 부담이 크신 고객님 & 뇌혈관 및 심혈관에 대한 보완이 필요하신 고객님 & 노후대비 필수세트(간병비 및 치매보장)가 필요하신 고객님* 고민 마시고 바로 연락주세요.신한금융플러스 - 보험전문가 선하연 드림_x000D_
MMS/null","메시지가 보험 상품을 홍보하며, 수신자의 개인 정보를 활용해 맞춤형 제안을 하고 있습니다. 또한, '보험료 인상'과 같은 긴급성을 강조하고 바로 연락을 유도하는 문구가 포함되어 있어 스팸 특성을 보입니다. 표기법 준수 여부를 확인해보면 (광고) 표시가 없으며, 필수적인 표기법 요소들이 부족하여 표기법 위반 요소도 포함되어 있습니다.",2145,234,0.0,0.0,0.0,507,2025-03-10 12:56:00,2025-03-10 12:33:00,MMS,금융 상품,비스팸,,비스팸,nbc@20250305-01,,스팸(온라인 서비스 광고),알 수 없음,0.95
